{
    "conso": {
        "accuracy": 0.9935,
        "precision": 0.9884726224783862,
        "recall": 0.9927641099855282,
        "f1_score": 0.9906137184115523,
        "feature_importances": [
            [
                "type_contrat_CDD",
                0.28975783090798235
            ],
            [
                "mvt_debiteur",
                0.14116663346734132
            ],
            [
                "type_contrat_sans",
                0.13900205120823172
            ],
            [
                "mvt_crediteur",
                0.09750103841853872
            ],
            [
                "mt_plv_simt",
                0.08323339782153079
            ],
            [
                "type_contrat_etudiant",
                0.07496963403455761
            ],
            [
                "anciennete_emploi",
                0.05687231849481052
            ],
            [
                "age",
                0.04283980009043808
            ],
            [
                "anciente_compte",
                0.03472488596088618
            ],
            [
                "solde_moy",
                0.023927684621914545
            ],
            [
                "nbre_enfants",
                0.009318631644974242
            ],
            [
                "situation_familiale_2",
                0.004575862737424184
            ],
            [
                "situation_familiale_3",
                0.0021102305913698414
            ],
            [
                "credit_simt_1",
                0.0
            ]
        ]
    },
    "immo": {
        "accuracy": 0.999,
        "precision": 1.0,
        "recall": 0.9957356076759062,
        "f1_score": 0.9978632478632479,
        "feature_importances": [
            [
                "type_contrat_CDD",
                0.22137227531019169
            ],
            [
                "mt_plv_simt",
                0.2057107137326932
            ],
            [
                "nbre_enfants",
                0.15509092043176434
            ],
            [
                "type_contrat_sans",
                0.10493255123780876
            ],
            [
                "age",
                0.08925248580545252
            ],
            [
                "solde_moy",
                0.046087315551868464
            ],
            [
                "type_contrat_etudiant",
                0.04426013511799826
            ],
            [
                "situation_familiale_3",
                0.03586213469204855
            ],
            [
                "situation_familiale_2",
                0.029962912914064194
            ],
            [
                "anciennete_emploi",
                0.02545665749832897
            ],
            [
                "anciente_compte",
                0.016680687730934063
            ],
            [
                "mvt_debiteur",
                0.012883953145305794
            ],
            [
                "mvt_crediteur",
                0.012447256831540987
            ],
            [
                "credit_simt_1",
                0.0
            ]
        ]
    },
    "original_trained_features": [
        "age",
        "situation_familiale",
        "nbre_enfants",
        "anciennete_emploi",
        "type_contrat",
        "anciente_compte",
        "solde_moy",
        "mvt_crediteur",
        "mvt_debiteur",
        "credit_simt",
        "mt_plv_simt"
    ],
    "full_trained_dummy_features": [
        "age",
        "anciennete_emploi",
        "anciente_compte",
        "credit_simt_1",
        "mt_plv_simt",
        "mvt_crediteur",
        "mvt_debiteur",
        "nbre_enfants",
        "situation_familiale_2",
        "situation_familiale_3",
        "solde_moy",
        "type_contrat_CDD",
        "type_contrat_etudiant",
        "type_contrat_sans"
    ]
}